ファイル名,改正
0020101010.html,2017-04-01
0020101070.html,2015-06-01
0020102010.html,2017-04-01
0020102020.html,2015-06-01
0020103010.html,2017-04-01
0020103021.html,2017-04-01
0020103022.html,2015-06-01
0020104010.html,2017-04-01
0020104021.html,2017-04-01
0020104022.html,2015-06-01
0020105010.html,2017-04-01
0020105021.html,2017-04-01
0020105022.html,2015-06-01
0020106010.html,2017-04-01
0020106021.html,2017-04-01
0020106022.html,2015-06-01
0020107010.html,2017-04-01
0020107021.html,2017-04-01
0020107022.html,2015-06-01
0020108010.html,2017-04-01
0020108020.html,2017-04-01
0020109010.html,2017-04-01
0020109020.html,2017-04-01
0020110010.html,2017-04-01
0020110020.html,2017-04-01
0020111010.html,2017-04-01
0020111020.html,2017-04-01
0020142020.html,2015-06-01
0020142050.html,2015-06-01
0020151040.html,2015-06-01
0020201010.html,2017-04-01
0020202010.html,2017-04-01
0020202020.html,2017-04-01
0020203010.html,2017-04-01
0020203020.html,2017-04-01
0020204010.html,2017-04-01
0020204020.html,2017-04-01
0020205010.html,2017-04-01
0020205020.html,2017-04-01
0020211010.html,2017-04-01
0020211030.html,2017-04-01
0020212010.html,2017-04-01
0020212040.html,2017-04-01
0020213010.html,2017-04-01
0020213050.html,2017-04-01
0020225020.html,2017-04-01
0020225050.html,2017-04-01
0020226020.html,2017-04-01
0020226060.html,2017-04-01
0020228050.html,2017-04-01
0020252030.html,2017-04-01
0030317010.html,2016-04-01
0030317021.html,2016-04-01
0030317022.html,2016-04-01
0030319041.html,2016-04-01
0030319042.html,2016-04-01
0030319070.html,2016-04-01
0030320010.html,2016-04-01
0030320030.html,2016-04-01
0030321020.html,2016-04-01
0030321040.html,2016-04-01
0030322010.html,2016-04-01
0030322040.html,2016-04-01
0030325010.html,2016-04-01
0030325020.html,2016-04-01
0030326020.html,2016-04-01
0030326040.html,2016-04-01
0030327010.html,2016-04-01
0030327020.html,2016-04-01
0030335010.html,2016-04-01
0030335021.html,2016-04-01
0030335022.html,2016-04-01
0030337010.html,2016-04-01
0030337021.html,2016-04-01
0030337022.html,2016-04-01
0030338010.html,2016-04-01
0030338021.html,2016-04-01
0030338022.html,2016-04-01
0030339010.html,2016-04-01
0030339021.html,2016-04-01
0030339022.html,2016-04-01
0030340010.html,2016-04-01
0030340021.html,2016-04-01
0030340022.html,2016-04-01
0030341010.html,2016-04-01
0030341021.html,2016-04-01
0030341022.html,2016-04-01
0030342010.html,2016-04-01
0030342020.html,2016-04-01
0030342030.html,2016-04-01
0030343010.html,2016-04-01
0030343030.html,2016-04-01
0030343050.html,2016-04-01
0030344020.html,2016-04-01
0030344030.html,2016-04-01
0030345011.html,2016-04-01
0030345012.html,2016-04-01
0030345020.html,2016-04-01
0030346011.html,2016-04-01
0030346012.html,2016-04-01
0030346020.html,2016-04-01
0030354010.html,2016-04-01
0030401010.html,2016-04-01
0030401021.html,2016-04-01
0030401022.html,2016-04-01
0030402010.html,2016-04-01
0030402021.html,2016-04-01
0030402022.html,2016-04-01
0030403010.html,2016-04-01
0030403021.html,2016-04-01
0030403022.html,2016-04-01
0030404011.html,2016-04-01
0030404012.html,2016-04-01
0030404020.html,2016-04-01
0030405010.html,2016-04-01
0030405021.html,2016-04-01
0030405022.html,2016-04-01
0030409010.html,2016-04-01
0030409040.html,2016-04-01
0030410030.html,2016-04-01
0030410040.html,2016-04-01
0030411030.html,2016-04-01
0030411040.html,2016-04-01
0030426010.html,2016-04-01
0030426020.html,2016-04-01
0030427010.html,2016-04-01
0030427020.html,2016-04-01
0030428010.html,2016-04-01
0030428020.html,2016-04-01
0030453011.html,2016-04-01
0030453012.html,2016-04-01
0040301010.html,2016-04-01
0040302010.html,2016-04-01
0040316010.html,2016-04-01
0040316040.html,2016-04-01
0040317050.html,2016-04-01
0040317060.html,2016-04-01
0040332010.html,2016-04-01
0040332020.html,2016-04-01
0040333010.html,2016-04-01
0040333020.html,2016-04-01
0040334010.html,2016-04-01
0040334020.html,2016-04-01
0040353010.html,2016-04-01
0040353020.html,2016-04-01
0040405030.html,2016-04-01
0040405040.html,2016-04-01
0040406010.html,2016-04-01
0040406020.html,2016-04-01
0040409010.html,2016-04-01
0040409040.html,2016-04-01
0040410010.html,2016-04-01
0040410020.html,2016-04-01
0040411010.html,2016-04-01
0040411020.html,2016-04-01
0040413010.html,2016-04-01
0040413020.html,2016-04-01
0040414010.html,2016-04-01
0040414020.html,2016-04-01
0040415010.html,2016-04-01
0040415020.html,2016-04-01
0040416010.html,2016-04-01
0040416020.html,2016-04-01
0040417010.html,2016-04-01
0040418010.html,2016-04-01
0040419010.html,2016-04-01
0040420010.html,2016-04-01
0040421010.html,2016-04-01
0040422010.html,2016-04-01
0040423010.html,2016-04-01
0040424010.html,2016-04-01
0040425010.html,2016-04-01
0040459010.html,2016-04-01
0050431010.html,2017-04-01
0050432030.html,2017-04-01
0050435020.html,2017-04-01
0050436020.html,2017-04-01
0050454010.html,2017-04-01
0050500010.html,2017-04-01
0050501030.html,2017-04-01
0050502010.html,2017-04-01
0050502020.html,2017-04-01
0050503010.html,2017-04-01
0050503020.html,2017-04-01
0050504010.html,2017-04-01
0050504020.html,2017-04-01
0050505010.html,2017-04-01
0050505020.html,2017-04-01
0050506010.html,2017-04-01
0050506020.html,2017-04-01
0050507010.html,2017-04-01
0050507020.html,2017-04-01
0050508010.html,2017-04-01
0050508020.html,2017-04-01
0050509010.html,2017-04-01
0050509020.html,2017-04-01
0050510010.html,2017-04-01
0050510020.html,2017-04-01
0050511010.html,2017-04-01
0050511020.html,2016-04-01
0050511030.html,2017-04-01
0050512010.html,2016-04-01
0050513010.html,2017-04-01
0050513020.html,2017-04-01
0050514010.html,2017-04-01
0050514020.html,2017-04-01
0050515010.html,2017-04-01
0050515020.html,2017-04-01
0050516010.html,2017-04-01
0050559010.html,2017-04-01
0050559020.html,2017-04-01
0050573020.html,2017-04-01
0060317020.html,2016-04-01
0060317080.html,2016-04-01
0060319090.html,2016-04-01
0060319100.html,2016-04-01
0060320010.html,2016-04-01
0060320060.html,2016-04-01
0060321020.html,2016-04-01
0060321060.html,2016-04-01
0060322010.html,2016-04-01
0060322060.html,2016-04-01
0060325030.html,2016-04-01
0060325040.html,2016-04-01
0060326010.html,2016-04-01
0060326030.html,2016-04-01
0060327030.html,2016-04-01
0060327040.html,2016-04-01
0060331010.html,2016-04-01
0060331020.html,2016-04-01
0060332020.html,2013-03-01
0060332060.html,2016-04-01
0060332070.html,2016-04-01
0060333010.html,2016-04-01
0060333020.html,2013-03-01
0060334010.html,2016-04-01
0060334020.html,2013-03-01
0060348010.html,2016-04-01
0060348020.html,2016-04-01
0060349020.html,2016-04-01
0060350020.html,2016-04-01
0060355010.html,2016-04-01
0060355020.html,2016-04-01
0060356010.html,2016-04-01
0060356020.html,2016-04-01
0060405080.html,2016-04-01
0060405090.html,2016-04-01
0060406030.html,2016-04-01
0060406040.html,2016-04-01
0060407010.html,2016-04-01
0060407020.html,2016-04-01
0060408010.html,2016-04-01
0060408020.html,2016-04-01
0060426030.html,2016-04-01
0060426040.html,2016-04-01
0060464010.html,2016-04-01
0060464020.html,2016-04-01
0060465010.html,2016-04-01
0060465020.html,2016-04-01
0070223010.html,2017-04-01
0070223030.html,2017-04-01
0070224030.html,2017-04-01
0070224070.html,2017-04-01
0070239010.html,2017-04-01
0070239020.html,2017-04-01
0070240010.html,2017-04-01
0070240020.html,2017-04-01
0070241010.html,2017-04-01
0070243020.html,2017-04-01
0070243040.html,2017-04-01
0070244010.html,2017-04-01
0070244020.html,2017-04-01
0070245010.html,2017-04-01
0070245020.html,2017-04-01
0070246010.html,2017-04-01
0070246020.html,2017-04-01
0070247010.html,2017-04-01
0070247020.html,2017-04-01
0070260010.html,2017-04-01
0070301030.html,2017-04-01
0070302020.html,2017-04-01
0070306010.html,2017-04-01
0070306020.html,2017-04-01
0070307010.html,2017-04-01
0070307020.html,2017-04-01
0070308020.html,2017-04-01
0070308040.html,2017-04-01
0070316020.html,2017-04-01
0070317030.html,2017-04-01
0070317040.html,2017-04-01
0070319030.html,2017-04-01
0070319060.html,2017-04-01
0070320020.html,2017-04-01
0070320050.html,2017-04-01
0070321010.html,2017-04-01
0070321030.html,2017-04-01
0070322020.html,2017-04-01
0070322030.html,2017-04-01
0070323010.html,2017-04-01
0070323020.html,2017-04-01
0070324010.html,2017-04-01
0070324020.html,2017-04-01
0070400010.html,2017-04-01
0071098010.html,2017-04-01
0090301040.html,2017-04-01
0090302050.html,2017-04-01
0090303030.html,2017-04-01
0090303040.html,2017-04-01
0090304010.html,2017-04-01
0090304020.html,2017-04-01
0090305010.html,2017-04-01
0090305020.html,2017-04-01
0090308010.html,2017-04-01
0090308070.html,2017-04-01
0090319010.html,2017-04-01
0090319060.html,2017-04-01
0090320010.html,2017-04-01
0090320050.html,2017-04-01
0090321020.html,2017-04-01
0090321030.html,2017-04-01
0090322010.html,2017-04-01
0090322030.html,2017-04-01
0090323020.html,2017-04-01
0090323030.html,2017-04-01
0090324020.html,2017-04-01
0090324030.html,2017-04-01
0090328010.html,2017-04-01
0090328020.html,2017-04-01
0090330010.html,2017-04-01
0090330020.html,2017-04-01
0090330030.html,2017-04-01
0090330040.html,2017-04-01
0090331010.html,2017-04-01
0090331020.html,2017-04-01
0090332060.html,2017-04-01
0090332070.html,2017-04-01
0090343040.html,2017-04-01
0090344020.html,2017-04-01
0090347010.html,2017-04-01
0090347020.html,2017-04-01
0090348010.html,2017-04-01
0090348020.html,2017-04-01
0090355010.html,2017-04-01
0090355020.html,2017-04-01
0090356010.html,2017-04-01
0090356020.html,2017-04-01
0090405080.html,2017-04-01
0090405090.html,2017-04-01
0090406030.html,2017-04-01
0090406040.html,2017-04-01
0090407010.html,2017-04-01
0090407020.html,2017-04-01
0090408010.html,2017-04-01
0090408020.html,2017-04-01
0100431021.html,2014-04-01
0100431022.html,2014-04-01
0100432040.html,2014-04-01
0100432050.html,2014-04-01
0100445010.html,2014-04-01
0100445020.html,2014-04-01
0100448011.html,2014-04-01
0100448012.html,2014-04-01
0100455010.html,2014-04-01
0100455040.html,2014-04-01
0100456010.html,2014-04-01
0100457010.html,2014-04-01
0100460010.html,2014-04-01
0100461010.html,2014-04-01
0100461020.html,2014-04-01
0100462010.html,2014-04-01
0100462020.html,2014-04-01
0100463010.html,2014-04-01
0100556010.html,2014-04-01
0100556030.html,2014-04-01
0100557010.html,2014-04-01
0100557040.html,2014-04-01
0100558040.html,2014-04-01
0100559070.html,2014-04-01
0100560030.html,2014-04-01
0100560040.html,2014-04-01
0100561010.html,2014-04-01
0100561020.html,2014-04-01
0100562030.html,2014-04-01
0100562040.html,2014-04-01
0100563010.html,2014-04-01
0100563020.html,2014-04-01
0100564031.html,2014-04-01
0100564032.html,2014-04-01
0100565010.html,2014-04-01
0100566010.html,2014-04-01
0100566020.html,2014-04-01
0100567010.html,2014-04-01
0100568011.html,2014-04-01
0100568012.html,2014-04-01
0100569010.html,2014-04-01
0100573010.html,2014-04-01
0100573020.html,2014-04-01
0100644020.html,2014-04-01
0110301040.html,2017-04-01
0110302020.html,2017-04-01
0110316040.html,2017-04-01
0110316050.html,2017-04-01
0110317010.html,2017-04-01
0110317060.html,2017-04-01
0110319020.html,2017-04-01
0110319070.html,2017-04-01
0110320020.html,2017-04-01
0110320030.html,2017-04-01
0110321010.html,2017-04-01
0110321040.html,2017-04-01
0110322020.html,2017-04-01
0110322040.html,2017-04-01
0110325010.html,2017-04-01
0110325020.html,2017-04-01
0110326020.html,2017-04-01
0110326040.html,2017-04-01
0110327010.html,2017-04-01
0110327020.html,2017-04-01
0110412010.html,2017-04-01
0110412020.html,2017-04-01
0110426010.html,2017-04-01
0110426020.html,2017-04-01
0110427010.html,2017-04-01
0110427020.html,2017-04-01
0110428010.html,2017-04-01
0110428020.html,2017-04-01
0110438010.html,2017-04-01
0110438020.html,2017-04-01
0110439010.html,2017-04-01
0110439020.html,2017-04-01
0110440010.html,2017-04-01
0110440020.html,2017-04-01
0110441010.html,2017-04-01
0110441020.html,2017-04-01
0110442010.html,2017-04-01
0110442020.html,2017-04-01
0110501020.html,2017-04-01
0110502040.html,2017-04-01
0130331030.html,2014-04-01
0130332050.html,2014-04-01
0130353020.html,2016-04-01
0130356030.html,2014-04-01
0130405010.html,2014-04-01
0130405040.html,2014-04-01
0130406010.html,2014-04-01
0130406020.html,2016-04-01
0130409010.html,2016-04-01
0130409040.html,2014-04-01
0130410010.html,2014-04-01
0130410020.html,2014-04-01
0130411010.html,2014-04-01
0130411020.html,2016-04-01
0130412010.html,2016-04-01
0130432020.html,2014-04-01
0130435030.html,2014-04-01
0130436040.html,2016-04-01
0130438010.html,2016-04-01
0130438020.html,2016-04-01
0130439010.html,2016-04-01
0130439020.html,2016-04-01
0130440010.html,2016-04-01
0130440020.html,2016-04-01
0130441010.html,2016-04-01
0130441020.html,2016-04-01
0130442010.html,2016-04-01
0130442020.html,2016-04-01
0130454020.html,2016-04-01
0130500010.html,2016-04-01
0130501070.html,2016-04-01
0130502030.html,2016-04-01
0130502040.html,2016-04-01
0130559010.html,2016-04-01
0130559020.html,2016-04-01
0130573010.html,2016-04-01
0150522020.html,2017-04-01
0150638010.html,2017-04-01
0150638020.html,2017-04-01
0150639010.html,2017-04-01
0150639020.html,2017-04-01
0150640010.html,2017-04-01
0150640020.html,2017-04-01
0150641010.html,2017-04-01
0150641020.html,2017-04-01
0150642010.html,2017-04-01
0150642020.html,2017-04-01
0150643010.html,2017-04-01
0150643020.html,2017-04-01
0150645010.html,2017-04-01
0150645020.html,2017-04-01
0150646010.html,2017-04-01
0150646020.html,2017-04-01
0150647010.html,2017-04-01
0150647020.html,2017-04-01
0150648010.html,2017-04-01
0150648020.html,2017-04-01
0150649010.html,2017-04-01
0150649020.html,2017-04-01
0150650010.html,2017-04-01
0150650020.html,2017-04-01
0150652010.html,2017-04-01
0150652020.html,2017-04-01
0150653010.html,2017-04-01
0150653020.html,2017-04-01
0150654010.html,2017-04-01
0150654020.html,2017-04-01
0150655020.html,2017-04-01
0160001010.html,2016-04-01
0160002020.html,2016-04-01
0160002050.html,2016-04-01
0160058010.html,2016-04-01
0160058020.html,2016-04-01
0160059010.html,2016-04-01
0160059020.html,2016-04-01
0160060010.html,2016-04-01
0160060020.html,2016-04-01
0160090010.html,2016-04-01
0160090021.html,2016-04-01
0160090022.html,2016-04-01
0160101020.html,2016-04-01
0160101041.html,2016-04-01
0160101042.html,2016-04-01
0160124010.html,2016-04-01
0160124020.html,2016-04-01
0160127010.html,2016-04-01
0160127021.html,2016-04-01
0160127022.html,2016-04-01
0160128010.html,2016-04-01
0160128020.html,2016-04-01
0160129010.html,2016-04-01
0160129020.html,2016-04-01
0160130010.html,2016-04-01
0160130020.html,2016-04-01
0160131010.html,2016-04-01
0160134010.html,2016-04-01
0160134020.html,2016-04-01
0160142010.html,2016-04-01
0160142021.html,2016-04-01
0160142022.html,2016-04-01
0160151010.html,2016-04-01
0160151020.html,2017-04-01
0160153010.html,2016-04-01
0160153020.html,2016-04-01
0170405030.html,2017-04-01
0170405070.html,2017-04-01
0170409020.html,2017-04-01
0170409030.html,2017-04-01
0170410010.html,2017-04-01
0170410020.html,2017-04-01
0170411010.html,2017-04-01
0170411020.html,2017-04-01
0170429010.html,2017-04-01
0170429020.html,2017-04-01
0170430010.html,2017-04-01
0170430020.html,2017-04-01
0170432040.html,2017-04-01
0170432050.html,2017-04-01
0170435030.html,2017-04-01
0170436030.html,2017-04-01
0170443010.html,2017-04-01
0170443020.html,2017-04-01
0170445010.html,2017-04-01
0170449010.html,2017-04-01
0170449020.html,2017-04-01
0170450010.html,2017-04-01
0170450020.html,2017-04-01
0170451010.html,2017-04-01
0170451020.html,2017-04-01
0170452010.html,2017-04-01
0170452020.html,2017-04-01
0170454020.html,2017-04-01
0170454030.html,2017-04-01
0170458010.html,2017-04-01
0170458020.html,2017-04-01
0170461010.html,2017-04-01
0170462010.html,2017-04-01
0170517010.html,2017-04-01
0170517020.html,2017-04-01
0170518010.html,2017-04-01
0170518020.html,2017-04-01
0170807010.html,2017-04-01
0170807030.html,2017-04-01
0170808010.html,2017-04-01
0170808030.html,2017-04-01
0170809010.html,2017-04-01
0170809030.html,2017-04-01
0170810010.html,2017-04-01
0170810020.html,2017-04-01
0170811010.html,2017-04-01
0170811020.html,2017-04-01
0170838010.html,2017-04-01
0170838020.html,2017-04-01
0170839020.html,2017-04-01
0170840020.html,2017-04-01
0170841040.html,2017-04-01
0171057010.html,2017-04-01
0171057020.html,2017-04-01
0171058010.html,2017-04-01
0171058020.html,2017-04-01
0180101010.html,2014-04-01
0180101070.html,2014-04-01
0180102010.html,2014-04-01
0180102020.html,2014-04-01
0180103010.html,2014-04-01
0180103020.html,2014-04-01
0180104010.html,2014-04-01
0180104020.html,2014-04-01
0180105010.html,2014-04-01
0180105020.html,2014-04-01
0180106010.html,2014-04-01
0180106020.html,2014-04-01
0180107010.html,2014-04-01
0180107020.html,2014-04-01
0180108010.html,2014-04-01
0180109010.html,2014-04-01
0180109020.html,2014-04-01
0180110010.html,2014-04-01
0180110020.html,2014-04-01
0180111010.html,2014-04-01
0180111020.html,2014-04-01
0180112011.html,2014-04-01
0180112012.html,2014-04-01
0180133011.html,2014-04-01
0180133012.html,2014-04-01
0180142050.html,2014-04-01
0180151040.html,2014-04-01
0180201010.html,2014-04-01
0180202010.html,2014-04-01
0180202020.html,2014-04-01
0180203010.html,2014-04-01
0180203020.html,2014-04-01
0180204010.html,2014-04-01
0180204020.html,2014-04-01
0180205010.html,2014-04-01
0180205020.html,2014-04-01
0180211010.html,2014-04-01
0180211030.html,2014-04-01
0180212010.html,2014-04-01
0180212040.html,2014-04-01
0180213010.html,2014-04-01
0180213050.html,2014-04-01
0180225020.html,2014-04-01
0180238051.html,2014-04-01
0180238052.html,2014-04-01
0180266040.html,2014-04-01
0190001030.html,2017-04-01
0190002020.html,2017-04-01
0190002050.html,2017-04-01
0190005010.html,2017-04-01
0190006010.html,2017-04-01
0190006020.html,2017-04-01
0190007010.html,2017-04-01
0190008010.html,2017-04-01
0190009010.html,2017-04-01
0190010010.html,2017-04-01
0190011010.html,2017-04-01
0190011020.html,2015-04-01
0190012010.html,2017-04-01
0190012020.html,2015-04-01
0190013010.html,2017-04-01
0190013020.html,2015-04-01
0190014010.html,2017-04-01
0190014020.html,2015-04-01
0190015010.html,2017-04-01
0190015020.html,2015-04-01
0190084010.html,2017-04-01
0190084020.html,2017-04-01
0190085010.html,2017-04-01
0190085020.html,2017-04-01
0190091010.html,2017-04-01
0190091020.html,2017-04-01
0190093010.html,2017-04-01
0210901050.html,2017-04-01
0210903010.html,2017-04-01
0210903020.html,2017-04-01
0210904010.html,2017-04-01
0210904020.html,2017-04-01
0210905010.html,2017-04-01
0210905020.html,2017-04-01
0210906010.html,2017-04-01
0210906020.html,2017-04-01
0210928010.html,2017-04-01
0210929010.html,2017-04-01
0210929020.html,2017-04-01
0210930010.html,2017-04-01
0210930030.html,2017-04-01
0210948010.html,2017-04-01
0210948020.html,2017-04-01
0210949010.html,2017-04-01
0210949020.html,2017-04-01
0211004010.html,2017-04-01
0211004020.html,2017-04-01
0220901070.html,2017-04-01
0220902010.html,2017-04-01
0220902020.html,2015-04-01
0220925010.html,2017-04-01
0220925020.html,2015-04-01
0220928010.html,2015-04-01
0220929010.html,2017-04-01
0220929020.html,2015-04-01
0220929030.html,2015-04-01
0220930011.html,2017-04-01
0220930012.html,2015-04-01
0220930020.html,2015-04-01
0220933020.html,2015-04-01
0220934020.html,2015-04-01
0220935020.html,2015-04-01
0220936020.html,2015-04-01
0220937020.html,2015-04-01
0220938020.html,2015-04-01
0220939020.html,2015-04-01
0220943010.html,2017-04-01
0220943020.html,2015-04-01
0220944010.html,2017-04-01
0220944020.html,2015-04-01
0220946010.html,2017-04-01
0220946020.html,2015-04-01
0220947010.html,2017-04-01
0220947020.html,2015-04-01
0220949010.html,2017-04-01
0220949020.html,2015-04-01
0221004010.html,2017-04-01
0221004020.html,2015-04-01
0230901040.html,2017-04-01
0230907010.html,2017-04-01
0230907020.html,2017-04-01
0230908010.html,2017-04-01
0230908020.html,2017-04-01
0230909010.html,2017-04-01
0230909020.html,2017-04-01
0230910010.html,2015-04-01
0230910020.html,2017-04-01
0230911010.html,2017-04-01
0230911020.html,2015-04-01
0230913020.html,2015-04-01
0230913030.html,2017-04-01
0230926010.html,2015-04-01
0230926020.html,2017-04-01
0230927010.html,2015-04-01
0230927030.html,2017-04-01
0230940010.html,2015-04-01
0230940020.html,2017-04-01
0240901140.html,2017-04-01
0240907010.html,2017-04-01
0240907020.html,2015-04-01
0240908010.html,2017-04-01
0240908020.html,2015-04-01
0240909010.html,2017-04-01
0240909020.html,2015-04-01
0240910010.html,2017-04-01
0240910020.html,2015-04-01
0240917010.html,2015-04-01
0240917040.html,2017-04-01
0240918010.html,2015-04-01
0240918020.html,2017-04-01
0240919010.html,2015-04-01
0240919020.html,2017-04-01
0240920010.html,2015-04-01
0240920020.html,2017-04-01
0240921010.html,2017-04-01
0240922010.html,2015-04-01
0240922020.html,2017-04-01
0240923010.html,2015-04-01
0240923020.html,2017-04-01
0240926010.html,2017-04-01
0240926020.html,2015-04-01
0240931010.html,2015-04-01
0240931020.html,2017-04-01
0240932010.html,2015-04-01
0240932020.html,2017-04-01
0240941010.html,2015-04-01
0240941020.html,2017-04-01
0250227010.html,2010-06-01
0250243050.html,2010-06-01
0250269010.html,2010-06-01
0250270020.html,2010-06-01
0250271010.html,2010-06-01
0250271020.html,2010-06-01
0250272010.html,2010-06-01
0250272020.html,2010-06-01
0250273010.html,2010-06-01
0250273020.html,2010-06-01
0250274010.html,2010-06-01
0250274020.html,2010-06-01
0250275010.html,2010-06-01
0250275020.html,2010-06-01
0250276010.html,2010-06-01
0250276020.html,2010-06-01
0260101070.html,2015-04-01
0260101100.html,2015-04-01
0260102010.html,2015-04-01
0260102020.html,2015-04-01
0260103010.html,2015-04-01
0260103020.html,2015-04-01
0260104010.html,2015-04-01
0260104020.html,2015-04-01
0260105020.html,2015-04-01
0260117020.html,2015-04-01
0260117030.html,2015-04-01
0260131030.html,2015-04-01
0260142050.html,2015-04-01
0260151040.html,2015-04-01
0261070010.html,2015-04-01
0261070020.html,2015-04-01
0261071010.html,2015-04-01
0261071020.html,2015-04-01
0261072010.html,2015-04-01
0261072020.html,2015-04-01
0261073010.html,2015-04-01
0261073020.html,2015-04-01
0261074010.html,2015-04-01
0261074020.html,2015-04-01
0261079010.html,2015-04-01
0261079020.html,2015-04-01
0280901060.html,2017-04-01
0280902020.html,2015-04-01
0280925020.html,2015-04-01
0280928010.html,2015-04-01
0280929010.html,2017-04-01
0280929020.html,2015-04-01
0280929030.html,2015-04-01
0280930020.html,2015-04-01
0280933010.html,2017-04-01
0280933020.html,2015-04-01
0280934010.html,2017-04-01
0280934020.html,2015-04-01
0280935010.html,2017-04-01
0280935020.html,2015-04-01
0280936010.html,2017-04-01
0280936020.html,2015-04-01
0280937010.html,2017-04-01
0280937020.html,2015-04-01
0280938010.html,2017-04-01
0280938020.html,2015-04-01
0280939010.html,2017-04-01
0280939020.html,2015-04-01
0280943020.html,2015-04-01
0280944020.html,2015-04-01
0280946020.html,2015-04-01
0280947020.html,2015-04-01
0280949010.html,2017-04-01
0280949020.html,2015-04-01
0281004010.html,2017-04-01
0281004020.html,2015-04-01
0290156020.html,2015-07-10
0290156030.html,2016-04-01
0290157020.html,2015-07-10
0290157030.html,2016-04-01
0290189020.html,2015-07-10
0290189040.html,2016-04-01
0290190020.html,2015-07-10
0290190040.html,2016-04-01
0290191050.html,2016-04-01
0290191060.html,2015-07-10
0290223040.html,2015-07-10
0290224040.html,2016-04-01
0290230010.html,2016-04-01
0290230020.html,2016-04-01
0290231010.html,2016-04-01
0290231020.html,2016-04-01
0290232010.html,2016-04-01
0290232020.html,2016-04-01
0290233010.html,2016-04-01
0290233020.html,2016-04-01
0290234010.html,2016-04-01
0290234020.html,2016-04-01
0290235010.html,2016-04-01
0290235020.html,2016-04-01
0290236010.html,2016-04-01
0290236020.html,2016-04-01
0290237010.html,2015-07-10
0290237020.html,2016-04-01
0290237030.html,2016-04-01
0290265011.html,2015-07-10
0290265012.html,2016-04-01
0290266021.html,2016-04-01
0290266022.html,2015-07-10
0290294030.html,2016-04-01
0290294040.html,2015-07-10
0290295010.html,2015-07-10
0290295020.html,2016-04-01
0290296010.html,2015-07-10
0290296020.html,2016-04-01
0290300010.html,2016-04-01
0290300020.html,2015-07-10
0300032020.html,2016-04-01
0300033020.html,2016-04-01
0300034030.html,2016-04-01
0300036050.html,2017-04-01
0300051010.html,2017-04-01
0300051020.html,2017-09-01
0300052010.html,2017-04-01
0300052020.html,2017-09-01
0300053010.html,2017-04-01
0300054010.html,2017-04-01
0300054020.html,2017-09-01
0300055010.html,2017-04-01
0300055020.html,2017-09-01
0300061010.html,2017-09-01
0300061020.html,2017-09-01
0300071020.html,2017-09-01
0310031010.html,2016-04-01
0310031020.html,2017-04-01
0310032010.html,2016-04-01
0310032020.html,2016-04-01
0310033010.html,2016-04-01
0310033020.html,2016-04-01
0310034010.html,2016-04-01
0310034020.html,2016-04-01
0310035010.html,2016-04-01
0310036010.html,2016-04-01
0310037010.html,2017-04-01
0310037020.html,2016-04-01
0310038010.html,2017-04-01
0310038020.html,2016-04-01
0310039010.html,2017-04-01
0310039030.html,2016-04-01
0310044010.html,2016-04-01
0310044020.html,2017-04-01
0310045010.html,2016-04-01
0310045020.html,2017-04-01
0310046010.html,2016-04-01
0310046020.html,2017-04-01
0310047010.html,2016-04-01
0310047020.html,2017-04-01
0310048010.html,2016-04-01
0310048020.html,2017-04-01
0310049010.html,2016-04-01
0310049020.html,2017-04-01
0310050010.html,2017-04-01
0310081020.html,2017-04-01
0320063010.html,2017-04-01
0320064010.html,2017-04-01
0320065010.html,2017-04-01
0320066010.html,2017-04-01
0320080010.html,2015-04-01
0320090010.html,2015-04-01
0320090020.html,2017-04-01
0320101040.html,2017-04-01
0320101080.html,2015-04-01
0320127010.html,2015-04-01
0320127020.html,2017-04-01
0320142010.html,2015-04-01
0320142020.html,2017-04-01
0320151040.html,2015-04-01
0330002010.html,2016-01-25
0330016010.html,2016-01-25
0330017010.html,2016-01-25
0330018010.html,2016-01-25
0330018020.html,2016-01-25
0330019010.html,2016-01-25
0330019020.html,2016-01-25
0330031010.html,2016-01-25
0330031020.html,2017-04-01
0330032010.html,2016-01-25
0330032020.html,2017-04-01
0330033010.html,2016-01-25
0330033020.html,2017-04-01
0330034010.html,2016-01-25
0330034020.html,2017-04-01
0330035010.html,2016-01-25
0330035020.html,2017-04-01
0330036010.html,2016-01-25
0330037010.html,2017-04-01
0330037020.html,2016-01-25
0330038010.html,2017-04-01
0330038020.html,2016-01-25
0330039010.html,2017-04-01
0330039020.html,2016-01-25
0330040010.html,2017-04-01
0330040020.html,2016-01-25
0330041010.html,2017-04-01
0330056010.html,2016-01-25
0330056020.html,2016-01-25
0330073020.html,2016-01-25
0340025010.html,2015-04-01
0340026011.html,2015-04-01
0340026012.html,2015-04-01
0340026020.html,2015-04-01
0340027010.html,2015-04-01
0340027020.html,2015-04-01
0340028010.html,2015-04-01
0340028020.html,2015-04-01
0340029010.html,2015-04-01
0340029020.html,2015-04-01
0340030010.html,2015-04-01
0340030020.html,2015-04-01
0340031020.html,2015-04-01
0340031030.html,2015-04-01
0340032020.html,2015-04-01
0340032040.html,2015-04-01
0340033020.html,2015-04-01
0340033030.html,2015-04-01
0340034010.html,2015-04-01
0340034020.html,2015-04-01
0340035010.html,2015-04-01
0340035020.html,2015-04-01
0340036030.html,2015-04-01
0340067010.html,2015-04-01
0340068010.html,2015-04-01
0340069010.html,2015-04-01
0340070010.html,2015-04-01
0340070020.html,2015-04-01
0340072010.html,2015-04-01
0350002010.html,2014-04-01
0350016010.html,2014-04-01
0350017010.html,2014-04-01
0350018010.html,2014-04-01
0350018020.html,2014-04-01
0350019010.html,2014-04-01
0350019020.html,2014-04-01
0350020010.html,2014-04-01
0350020020.html,2014-04-01
0350021010.html,2014-04-01
0350021020.html,2014-04-01
0350022010.html,2017-04-01
0350022020.html,2014-04-01
0350023010.html,2017-04-01
0350024010.html,2014-04-01
0350024020.html,2014-04-01
0350025010.html,2014-04-01
0350026010.html,2014-04-01
0350026020.html,2014-04-01
0350062010.html,2014-04-01
0350067010.html,2014-04-01
0350068010.html,2014-04-01
0350069010.html,2014-04-01
0350070010.html,2014-04-01
0350070020.html,2014-04-01
0350072010.html,2014-04-01
0360001020.html,2015-06-01
0360002020.html,2015-06-01
0360002050.html,2015-06-01
0360058010.html,2015-06-01
0360058020.html,2015-06-01
0360059010.html,2015-06-01
0360059020.html,2015-06-01
0360060010.html,2015-06-01
0360060020.html,2015-06-01
0360101030.html,2015-06-01
0360101050.html,2015-06-01
0360102020.html,2015-06-01
0360102030.html,2015-06-01
0360117010.html,2015-06-01
0360117020.html,2015-06-01
0360118010.html,2015-06-01
0360118020.html,2015-06-01
0360119010.html,2015-06-01
0360119020.html,2015-06-01
0360120010.html,2015-06-01
0360120020.html,2015-06-01
0360121010.html,2015-06-01
0360121020.html,2015-06-01
0360122010.html,2015-06-01
0360122020.html,2015-06-01
0360123010.html,2015-06-01
0360123020.html,2015-06-01
0360124030.html,2015-06-01
0360125010.html,2015-06-01
0360126010.html,2015-06-01
0360132010.html,2015-06-01
0360132020.html,2015-06-01
0360142021.html,2015-06-01
0360142022.html,2015-06-01
0360142050.html,2015-06-01
0360151010.html,2015-06-01
0360151030.html,2015-06-01
0360153010.html,2015-06-01
0360153020.html,2015-06-01
0370005030.html,2017-04-01
0370018030.html,2017-04-01
0370018040.html,2017-04-01
0370019010.html,2017-04-01
0370019020.html,2017-04-01
0370036040.html,2017-04-01
0370052010.html,2017-04-01
0370052020.html,2017-04-01
0370074010.html,2017-04-01
0370075010.html,2017-04-01
0370077010.html,2017-04-01
0370078010.html,2017-04-01
0370079010.html,2017-04-01
0370082010.html,2017-04-01
0370082020.html,2017-04-01
0370083010.html,2017-04-01
0370083020.html,2017-04-01
0370087010.html,2017-04-01
0370087020.html,2017-04-01
0370176010.html,2017-04-01
0370176020.html,2017-04-01
0370177010.html,2017-04-01
0370177020.html,2017-04-01
0370178010.html,2017-04-01
0370178020.html,2017-04-01
0370179010.html,2017-04-01
0370179020.html,2017-04-01
0370180010.html,2017-04-01
0370180020.html,2017-04-01
0370181010.html,2017-04-01
0370181020.html,2017-04-01
0370182010.html,2017-04-01
0370182020.html,2017-04-01
0370183010.html,2017-04-01
0370183020.html,2017-04-01
0370184010.html,2017-04-01
0370184020.html,2017-04-01
0370185020.html,2017-04-01
0380001040.html,2017-04-01
0380002030.html,2017-04-01
0380018010.html,2017-04-01
0380018020.html,2017-04-01
0380019010.html,2017-04-01
0380019020.html,2017-04-01
0380045010.html,2017-04-01
0380045020.html,2017-04-01
0380046010.html,2017-04-01
0380046020.html,2017-04-01
0380047010.html,2017-04-01
0380047020.html,2017-04-01
0380048010.html,2017-04-01
0380048020.html,2017-04-01
0380049010.html,2017-04-01
0380049020.html,2017-04-01
0380050010.html,2017-04-01
0380056010.html,2017-04-01
0380056020.html,2017-04-01
0380057010.html,2017-04-01
0380057020.html,2017-04-01
0380081020.html,2017-04-01
0390001030.html,2017-04-01
0390002030.html,2017-04-01
0390002040.html,2017-04-01
0390003010.html,2017-04-01
0390003020.html,2017-04-01
0390004010.html,2017-04-01
0390004020.html,2017-04-01
0390005010.html,2017-04-01
0390006010.html,2017-04-01
0390006020.html,2017-04-01
0390007010.html,2017-04-01
0390008010.html,2017-04-01
0390009010.html,2017-04-01
0390010010.html,2017-04-01
0390011010.html,2017-04-01
0390011020.html,2015-04-01
0390012010.html,2017-04-01
0390012020.html,2015-04-01
0390013010.html,2017-04-01
0390013020.html,2015-04-01
0390014010.html,2017-04-01
0390014020.html,2015-04-01
0390015010.html,2017-04-01
0390015020.html,2015-04-01
0390016010.html,2017-04-01
0390017010.html,2017-04-01
0390017020.html,2017-04-01
0390018010.html,2017-04-01
0390018040.html,2017-04-01
0390076010.html,2017-04-01
0390076020.html,2017-04-01
0390084020.html,2017-04-01
0390091010.html,2017-04-01
0390091020.html,2017-04-01
0390093010.html,2017-04-01
0400301010.html,2016-04-01
0400302010.html,2016-04-01
0400316020.html,2016-04-01
0400316040.html,2016-04-01
0400317060.html,2016-04-01
0400317080.html,2016-04-01
0400319020.html,2016-04-01
0400319090.html,2016-04-01
0400320020.html,2016-04-01
0400320060.html,2016-04-01
0400321010.html,2016-04-01
0400321060.html,2016-04-01
0400322020.html,2016-04-01
0400322060.html,2016-04-01
0400325020.html,2016-04-01
0400325030.html,2016-04-01
0400326010.html,2016-04-01
0400326020.html,2016-04-01
0400327020.html,2016-04-01
0400327040.html,2016-04-01
0400413010.html,2016-04-01
0400413020.html,2016-04-01
0400414010.html,2016-04-01
0400414020.html,2016-04-01
0400415010.html,2016-04-01
0400415020.html,2016-04-01
0400416010.html,2016-04-01
0400416020.html,2016-04-01
0400417010.html,2016-04-01
0400418010.html,2016-04-01
0400419010.html,2016-04-01
0400420010.html,2016-04-01
0400421010.html,2016-04-01
0400422010.html,2016-04-01
0400423010.html,2016-04-01
0400424010.html,2016-04-01
0400425010.html,2016-04-01
0400426020.html,2016-04-01
0400426030.html,2016-04-01
0400427020.html,2016-04-01
0400427030.html,2016-04-01
0400428020.html,2016-04-01
0400428030.html,2016-04-01
0400459010.html,2016-04-01
0430031030.html,2016-04-01
0430032040.html,2016-04-01
0430033030.html,2016-04-01
0430086010.html,2017-05-27
0430094010.html,2016-04-01
0430095010.html,2016-04-01
0430095020.html,2016-04-01
0430096010.html,2016-04-01
0430096020.html,2016-04-01
0430097010.html,2016-04-01
0430097020.html,2016-04-01
0430100010.html,2016-04-01
0430173010.html,2016-04-01
0450016020.html,2016-04-01
0450024020.html,2016-04-01
0450026020.html,2016-04-01
0450070010.html,2016-04-01
0450070020.html,2016-04-01
0450098010.html,2016-04-01
0450098020.html,2016-04-01
0450099010.html,2016-04-01
0450099020.html,2016-04-01
0450136010.html,2016-04-01
0450136020.html,2016-04-01
0450137010.html,2016-04-01
0450137020.html,2016-04-01
0450138010.html,2016-04-01
0450139010.html,2016-04-01
0460984010.html,2017-04-01
0460985010.html,2017-04-01
0460985020.html,2017-04-01
0460986010.html,2015-04-01
0460986020.html,2017-04-01
0460986030.html,2017-04-01
0460986040.html,2015-04-01
0460987010.html,2017-04-01
0460988010.html,2017-04-01
0460989010.html,2017-04-01
0460990010.html,2017-04-01
0460991010.html,2017-04-01
0460992010.html,2017-04-01
0460993020.html,2017-04-01
0461002010.html,2017-04-01
0461002020.html,2017-04-01
0461043010.html,2017-04-01
0461043020.html,2015-04-01
0461044010.html,2017-04-01
0461044020.html,2015-04-01
0461045010.html,2017-04-01
0461045020.html,2015-04-01
0461047010.html,2017-04-01
0461047020.html,2015-04-01
0470984030.html,2017-04-01
0471035010.html,2016-04-01
0471036010.html,2016-04-01
0471037010.html,2016-04-01
0471038010.html,2016-04-01
0471039010.html,2016-04-01
0471040010.html,2016-04-01
0471041010.html,2016-04-01
0471042010.html,2016-04-01
0471046010.html,2016-04-01
0471048010.html,2017-04-01
0480619010.html,2017-04-01
0480619020.html,2017-04-01
0480636010.html,2017-04-01
0480636020.html,2017-04-01
0480637010.html,2017-04-01
0480637020.html,2017-04-01
0480656010.html,2017-04-01
0480656020.html,2017-04-01
0480661010.html,2017-04-01
0480661040.html,2017-04-01
0480667030.html,2017-04-01
0480667040.html,2017-04-01
0480668010.html,2017-04-01
0480668020.html,2017-04-01
0480669010.html,2017-04-01
0480669020.html,2017-04-01
0480671010.html,2017-04-01
0480672010.html,2017-04-01
0480672020.html,2017-04-01
0480673010.html,2017-04-01
0480673020.html,2017-04-01
0480674020.html,2017-04-01
0480675010.html,2017-04-01
0480675020.html,2017-04-01
0480676010.html,2017-04-01
0480676030.html,2017-04-01
0480678010.html,2017-04-01
0480678020.html,2017-04-01
0480680010.html,2017-04-01
0480680020.html,2017-04-01
0480681010.html,2017-04-01
0480681020.html,2017-04-01
0480795070.html,2017-04-01
0500620010.html,2017-04-01
0500620040.html,2017-04-01
0500627030.html,2017-04-01
0500628010.html,2017-04-01
0500628020.html,2017-04-01
0500629010.html,2017-04-01
0500629020.html,2017-04-01
0500630010.html,2017-04-01
0500630020.html,2017-04-01
0500631010.html,2017-04-01
0500631020.html,2017-04-01
0500632010.html,2017-04-01
0500632020.html,2017-04-01
0500633010.html,2017-04-01
0500633020.html,2017-04-01
0500658010.html,2017-04-01
0500658020.html,2017-04-01
0500659010.html,2017-04-01
0500659020.html,2017-04-01
0500660010.html,2017-04-01
0500660020.html,2017-04-01
0500661010.html,2017-04-01
0500661030.html,2017-04-01
0500681010.html,2017-04-01
0500681030.html,2017-04-01
0500795050.html,2017-04-01
0510601010.html,2017-04-01
0510602020.html,2017-04-01
0510602030.html,2017-04-01
0510604010.html,2017-04-01
0510604020.html,2017-04-01
0510605010.html,2017-04-01
0510605020.html,2017-04-01
0510606010.html,2017-04-01
0510606020.html,2017-04-01
0510607010.html,2017-04-01
0510607020.html,2017-04-01
0510608010.html,2017-04-01
0510608020.html,2017-04-01
0510609010.html,2017-04-01
0510609020.html,2017-04-01
0510610010.html,2017-04-01
0510610020.html,2017-04-01
0510611010.html,2017-04-01
0510611020.html,2017-04-01
0510619010.html,2017-04-01
0510619020.html,2017-04-01
0510660030.html,2017-04-01
0510660040.html,2017-04-01
0510661010.html,2017-04-01
0510661020.html,2017-04-01
0510667010.html,2017-04-01
0510667020.html,2017-04-01
0510668010.html,2017-04-01
0510668020.html,2017-04-01
0510669010.html,2017-04-01
0510669020.html,2017-04-01
0510681010.html,2017-04-01
0510681030.html,2017-04-01
0511795010.html,2017-04-01
0520601040.html,2017-04-01
0520602020.html,2017-04-01
0520602030.html,2017-04-01
0520603020.html,2017-04-01
0520603030.html,2017-04-01
0520612020.html,2017-04-01
0520612030.html,2017-04-01
0520613020.html,2017-04-01
0520613030.html,2017-04-01
0520614010.html,2017-04-01
0520614020.html,2017-04-01
0520615020.html,2017-04-01
0520615030.html,2017-04-01
0520616020.html,2017-04-01
0520616030.html,2017-04-01
0520627030.html,2017-04-01
0520628010.html,2017-04-01
0520628020.html,2017-04-01
0520629010.html,2017-04-01
0520629020.html,2017-04-01
0520630010.html,2017-04-01
0520630020.html,2017-04-01
0520631010.html,2017-04-01
0520631020.html,2017-04-01
0520632010.html,2017-04-01
0520632020.html,2017-04-01
0520633010.html,2017-04-01
0520633020.html,2017-04-01
0530601030.html,2017-04-01
0530602010.html,2017-04-01
0530602020.html,2017-04-01
0530603010.html,2017-04-01
0530603020.html,2017-04-01
0530612010.html,2017-04-01
0530612020.html,2017-04-01
0530613010.html,2017-04-01
0530613020.html,2017-04-01
0530614010.html,2017-04-01
0530614020.html,2017-04-01
0530615010.html,2017-04-01
0530615020.html,2017-04-01
0530616010.html,2017-04-01
0530616020.html,2017-04-01
0530617010.html,2017-04-01
0530617020.html,2017-04-01
0530618010.html,2017-04-01
0530618020.html,2017-04-01
0530619010.html,2017-04-01
0530619020.html,2017-04-01
0530619030.html,2017-04-01
0530620010.html,2017-04-01
0530620020.html,2017-04-01
0530636010.html,2017-04-01
0530636020.html,2017-04-01
0530637010.html,2017-04-01
0530637020.html,2017-04-01
0530656010.html,2017-04-01
0530656020.html,2017-04-01
0530657010.html,2017-04-01
0530657020.html,2017-04-01
0530661010.html,2017-04-01
0530661020.html,2017-04-01
0530681010.html,2017-04-01
0530681020.html,2017-04-01
0530795030.html,2017-04-01
0540601020.html,2017-04-01
0540601070.html,2017-04-01
0540602010.html,2017-04-01
0540602020.html,2017-04-01
0540603010.html,2017-04-01
0540603020.html,2017-04-01
0540612010.html,2017-04-01
0540612020.html,2017-04-01
0540613010.html,2017-04-01
0540613020.html,2017-04-01
0540614010.html,2017-04-01
0540614020.html,2017-04-01
0540615010.html,2017-04-01
0540615020.html,2017-04-01
0540616010.html,2017-04-01
0540616020.html,2017-04-01
0540620010.html,2017-04-01
0540620020.html,2017-04-01
0540621010.html,2017-04-01
0540621020.html,2017-04-01
0540622010.html,2017-04-01
0540622020.html,2017-04-01
0540623010.html,2017-04-01
0540623020.html,2017-04-01
0540624010.html,2017-04-01
0540624020.html,2017-04-01
0540625010.html,2017-04-01
0540625020.html,2017-04-01
0540626010.html,2017-04-01
0540626020.html,2017-04-01
0540658010.html,2017-04-01
0540658020.html,2017-04-01
0540659010.html,2017-04-01
0540659020.html,2017-04-01
0540660010.html,2017-04-01
0540660020.html,2017-04-01
0540661010.html,2017-04-01
0540661030.html,2017-04-01
0540681010.html,2017-04-01
0540681030.html,2017-04-01
0540795040.html,2017-04-01
0550627011.html,2017-04-01
0550627012.html,2017-04-01
0550627020.html,2015-04-01
0550628011.html,2017-04-01
0550628012.html,2017-04-01
0550628020.html,2017-04-01
0550629011.html,2017-04-01
0550629012.html,2017-04-01
0550629020.html,2017-04-01
0550630011.html,2017-04-01
0550630012.html,2017-04-01
0550630020.html,2017-04-01
0550631011.html,2017-04-01
0550631012.html,2017-04-01
0550631020.html,2017-04-01
0550632011.html,2017-04-01
0550632012.html,2017-04-01
0550632020.html,2017-04-01
0550634011.html,2017-04-01
0550634012.html,2017-04-01
0550634020.html,2017-04-01
0550635010.html,2017-04-01
0550635020.html,2017-04-01
0550994010.html,2017-04-01
0550994020.html,2017-04-01
0550995020.html,2017-04-01
0560661010.html,2017-04-01
0560661030.html,2017-04-01
0560662010.html,2017-04-01
0560662020.html,2017-04-01
0560663010.html,2017-04-01
0560663020.html,2017-04-01
0560664010.html,2017-04-01
0560664020.html,2017-04-01
0560665010.html,2017-04-01
0560665020.html,2017-04-01
0560682010.html,2017-04-01
0560682020.html,2017-04-01
0560683010.html,2017-04-01
0560683020.html,2017-04-01
0560795050.html,2017-04-01
0570655030.html,2017-04-01
0571080010.html,2017-04-01
0571081010.html,2017-04-01
0571081020.html,2017-04-01
0571082020.html,2017-04-01
0571083010.html,2017-04-01
0571083020.html,2017-04-01
0571084010.html,2017-04-01
0571084020.html,2017-04-01
0571085020.html,2017-04-01
0571086020.html,2017-04-01
0571087020.html,2017-04-01
0571088020.html,2017-04-01
0571089010.html,2017-04-01
0571089020.html,2017-04-01
0580627010.html,2017-04-01
0580627020.html,2015-04-01
0580628010.html,2017-04-01
0580628020.html,2017-04-01
0580629010.html,2017-04-01
0580629020.html,2017-04-01
0580630010.html,2017-04-01
0580630020.html,2017-04-01
0580631010.html,2017-04-01
0580631020.html,2017-04-01
0580632010.html,2017-04-01
0580632020.html,2017-04-01
0580634010.html,2017-04-01
0580634020.html,2017-04-01
0580635010.html,2017-04-01
0580635020.html,2017-04-01
0580713010.html,2017-04-01
0580713020.html,2017-04-01
0580714010.html,2017-04-01
0580714020.html,2017-04-01
0580715060.html,2017-04-01
0580724010.html,2017-04-01
0580724020.html,2017-04-01
0580994010.html,2017-04-01
0580994020.html,2017-04-01
0580995010.html,2017-04-01
0580995020.html,2017-04-01
0590601060.html,2014-04-01
0590602020.html,2017-04-01
0590602030.html,2016-04-01
0590604010.html,2014-04-01
0590604020.html,2017-04-01
0590605010.html,2014-04-01
0590605020.html,2017-04-01
0590606010.html,2014-04-01
0590606020.html,2017-04-01
0590607010.html,2014-04-01
0590607020.html,2017-04-01
0590608010.html,2014-04-01
0590608020.html,2017-04-01
0590609010.html,2014-04-01
0590609020.html,2017-04-01
0590610010.html,2014-04-01
0590610030.html,2017-04-01
0590671010.html,2017-04-01
0590672010.html,2017-04-01
0590672020.html,2014-04-01
0590673010.html,2017-04-01
0590673020.html,2014-04-01
0590674020.html,2014-04-01
0590675030.html,2017-04-01
0590675040.html,2014-04-01
0590678010.html,2017-04-01
0590678020.html,2014-04-01
0590679010.html,2017-04-01
0640225040.html,2016-04-01
0640238010.html,2016-04-01
0640238020.html,2016-04-01
0640266010.html,2016-04-01
0640812020.html,2016-04-01
0640812030.html,2016-04-01
0640813010.html,2016-04-01
0640813030.html,2016-04-01
0640834010.html,2017-04-01
0640834020.html,2016-04-01
0640835010.html,2016-04-01
0640842010.html,2017-04-01
0640842020.html,2016-04-01
0640843010.html,2017-04-01
0640843020.html,2016-04-01
0640844010.html,2017-04-01
0640844020.html,2016-04-01
0640845010.html,2017-04-01
0640845020.html,2016-04-01
0640846010.html,2017-04-01
0640846020.html,2016-04-01
0640847020.html,2016-04-01
0640848020.html,2016-04-01
0640867010.html,2016-04-01
0640867020.html,2016-04-01
0640868010.html,2016-04-01
0640868020.html,2016-04-01
0650301080.html,2017-04-01
0650302070.html,2017-04-01
0650316040.html,2017-04-01
0650316050.html,2017-04-01
0650317060.html,2017-04-01
0650317070.html,2017-04-01
0650319020.html,2017-04-01
0650319090.html,2017-04-01
0650320030.html,2017-04-01
0650320040.html,2017-04-01
0650321010.html,2017-04-01
0650321060.html,2017-04-01
0650322050.html,2017-04-01
0650322060.html,2017-04-01
0650325030.html,2017-04-01
0650325040.html,2017-04-01
0650326010.html,2016-04-01
0650326030.html,2017-04-01
0650327030.html,2017-04-01
0650327040.html,2017-04-01
0650351010.html,2017-04-01
0650351020.html,2017-04-01
0650352010.html,2017-04-01
0650352020.html,2017-04-01
0650357010.html,2017-04-01
0650807010.html,2017-04-01
0650807020.html,2017-04-01
0650808010.html,2017-04-01
0650808020.html,2017-04-01
0650809020.html,2017-04-01
0650869010.html,2017-04-01
0660212030.html,2016-04-01
0660213010.html,2016-04-01
0660213040.html,2016-04-01
0660225060.html,2016-04-01
0660226040.html,2016-04-01
0660228030.html,2016-04-01
0660229020.html,2016-04-01
0660807010.html,2016-04-01
0660807020.html,2016-04-01
0660808010.html,2016-04-01
0660808020.html,2016-04-01
0660809010.html,2016-04-01
0660809030.html,2016-04-01
0660810010.html,2016-04-01
0660810020.html,2016-04-01
0660811010.html,2016-04-01
0660811020.html,2016-04-01
0660838010.html,2016-04-01
0660838020.html,2016-04-01
0660839020.html,2016-04-01
0660840030.html,2016-04-01
0660841020.html,2016-04-01
0660869010.html,2016-04-01
0661229010.html,2016-04-01
0700520010.html,2016-04-01
0700520020.html,2016-04-01
0700521010.html,2016-04-01
0700521020.html,2016-04-01
0700522070.html,2016-04-01
0700574010.html,2016-04-01
0700574020.html,2016-04-01
0701059010.html,2016-04-01
0701060010.html,2016-04-01
0710492010.html,2017-04-01
0710527030.html,2017-04-01
0710528010.html,2017-04-01
0710529010.html,2017-04-01
0710529020.html,2017-04-01
0710530011.html,2017-04-01
0710530012.html,2017-04-01
0710531011.html,2017-04-01
0710531012.html,2017-04-01
0710532011.html,2017-04-01
0710532012.html,2017-04-01
0710533010.html,2017-04-01
0710533020.html,2017-04-01
0710534010.html,2017-04-01
0710538010.html,2017-04-01
0710538020.html,2017-04-01
0710549020.html,2017-04-01
0710550010.html,2017-04-01
0710550020.html,2017-04-01
0710551010.html,2017-04-01
0710551020.html,2017-04-01
0710552020.html,2017-04-01
0710553020.html,2017-04-01
0710553040.html,2017-04-01
0710554010.html,2017-04-01
0710554020.html,2017-04-01
0710555020.html,2017-04-01
0710556040.html,2017-04-01
0710585030.html,2017-04-01
0710585040.html,2017-04-01
0720492010.html,2017-04-01
0720530010.html,2017-04-01
0720530020.html,2017-04-01
0720531010.html,2017-04-01
0720531020.html,2017-04-01
0720532010.html,2017-04-01
0720532020.html,2017-04-01
0720533010.html,2017-04-01
0720533020.html,2017-04-01
0720534010.html,2017-04-01
0720538010.html,2017-04-01
0720538020.html,2017-04-01
0720539010.html,2017-04-01
0720539020.html,2017-04-01
0720540010.html,2017-04-01
0720540020.html,2017-04-01
0720541010.html,2017-04-01
0720541020.html,2017-04-01
0720542010.html,2017-04-01
0720542020.html,2017-04-01
0720543010.html,2017-04-01
0720543020.html,2017-04-01
0720544010.html,2017-04-01
0720544020.html,2017-04-01
0720545010.html,2017-04-01
0720545020.html,2017-04-01
0720546010.html,2017-04-01
0720547010.html,2017-04-01
0720547020.html,2017-04-01
0720548010.html,2017-04-01
0720549010.html,2017-04-01
0720549020.html,2017-04-01
0720550010.html,2017-04-01
0720550020.html,2017-04-01
0720551010.html,2017-04-01
0720551020.html,2017-04-01
0720552020.html,2017-04-01
0720553020.html,2017-04-01
0720553040.html,2017-04-01
0720554010.html,2017-04-01
0720554020.html,2017-04-01
0720555020.html,2017-04-01
0720556040.html,2017-04-01
0730512030.html,2015-04-01
0730522050.html,2015-04-01
0730523010.html,2015-04-01
0730523020.html,2015-04-01
0730524010.html,2015-04-01
0730524020.html,2015-04-01
0730525010.html,2015-04-01
0730525020.html,2015-04-01
0730526010.html,2015-04-01
0730526020.html,2015-04-01
0730527010.html,2015-04-01
0730527020.html,2015-04-01
0730528010.html,2015-04-01
0730528020.html,2015-04-01
0730529010.html,2015-04-01
0730529020.html,2015-04-01
0730585010.html,2015-04-01
0730585020.html,2015-04-01
0730685010.html,2015-04-01
0730685020.html,2015-04-01
0740522050.html,2015-04-01
0740523010.html,2015-04-01
0740523020.html,2016-04-01
0740524010.html,2015-04-01
0740524020.html,2016-04-01
0740525010.html,2015-04-01
0740525020.html,2016-04-01
0740526010.html,2015-04-01
0740526020.html,2016-04-01
0740527010.html,2015-04-01
0740527020.html,2016-04-01
0740528010.html,2015-04-01
0740528020.html,2016-04-01
0740529010.html,2015-04-01
0740529020.html,2016-04-01
0740530010.html,2016-04-01
0740530020.html,2015-04-01
0740531010.html,2016-04-01
0740531020.html,2015-04-01
0740532010.html,2016-04-01
0740532020.html,2015-04-01
0740539010.html,2016-04-01
0740539020.html,2015-04-01
0740540010.html,2016-04-01
0740540020.html,2015-04-01
0740541010.html,2016-04-01
0740541020.html,2015-04-01
0740542010.html,2016-04-01
0740542020.html,2015-04-01
0740585030.html,2016-04-01
0740585040.html,2015-04-01
0740586010.html,2016-04-01
0750455010.html,2017-04-01
0750492010.html,2017-04-01
0750502030.html,2017-04-01
0750512040.html,2017-04-01
0750535010.html,2017-04-01
0750535020.html,2017-04-01
0750536010.html,2017-04-01
0750536020.html,2017-04-01
0750537010.html,2017-04-01
0750537020.html,2017-04-01
0750538010.html,2017-04-01
0750538020.html,2017-04-01
0750549020.html,2017-04-01
0750550010.html,2017-04-01
0750550020.html,2017-04-01
0750551010.html,2017-04-01
0750551020.html,2017-04-01
0750552020.html,2017-04-01
0750553030.html,2017-04-01
0750553040.html,2017-04-01
0750554010.html,2017-04-01
0750554020.html,2017-04-01
0750555020.html,2017-04-01
0750556040.html,2017-04-01
0750559070.html,2017-04-01
0750560020.html,2017-04-01
0750560030.html,2017-04-01
0750561030.html,2017-04-01
0750561040.html,2017-04-01
0750562020.html,2017-04-01
0750562030.html,2017-04-01
0750563010.html,2017-04-01
0750563020.html,2017-04-01
0750564030.html,2017-04-01
0750564040.html,2017-04-01
0750570011.html,2017-04-01
0750570012.html,2017-04-01
0750570021.html,2017-04-01
0750570022.html,2017-04-01
0750571011.html,2017-04-01
0750571012.html,2017-04-01
0750571021.html,2017-04-01
0750571022.html,2017-04-01
0750572011.html,2017-04-01
0750572012.html,2017-04-01
0750585050.html,2017-04-01
0750585060.html,2017-04-01
0750590010.html,2017-04-01
0750590020.html,2017-04-01
0750591010.html,2017-04-01
0750591020.html,2017-04-01
0750592010.html,2017-04-01
0750592020.html,2017-04-01
0750593010.html,2017-04-01
0750593020.html,2017-04-01
0750594010.html,2017-04-01
0750594020.html,2017-04-01
0750644010.html,2017-04-01
0750644020.html,2017-04-01
0750686010.html,2017-04-01
0750686020.html,2017-04-01
0751090020.html,2017-04-01
0751091010.html,2017-04-01
0751091020.html,2017-04-01
0751092010.html,2017-04-01
0760498010.html,2016-10-15
0760522040.html,2015-04-01
0760577010.html,2016-10-15
0760577020.html,2015-04-01
0760578010.html,2016-10-15
0760578020.html,2015-04-01
0760579010.html,2016-10-15
0760579020.html,2015-04-01
0760580010.html,2016-10-15
0760580020.html,2015-04-01
0760581010.html,2016-10-15
0760581020.html,2015-04-01
0760582010.html,2016-10-15
0760582020.html,2015-04-01
0760583010.html,2015-04-01
0760583020.html,2015-04-01
0760584010.html,2015-04-01
0760584020.html,2015-04-01
0770522060.html,2015-04-01
0770595010.html,2015-04-01
0770596010.html,2015-04-01
0770597010.html,2015-04-01
0770598010.html,2015-04-01
0770599010.html,2015-04-01
0771026010.html,2015-04-01
0771031030.html,2015-04-01
0780522080.html,2015-04-01
0780638010.html,2015-04-01
0780651010.html,2015-04-01
0781026020.html,2015-04-01
0781028010.html,2015-04-01
0781029010.html,2015-04-01
0781030010.html,2015-04-01
0781031010.html,2015-04-01
0790494010.html,2016-04-01
0790495010.html,2016-04-01
0790496010.html,2016-04-01
0790497010.html,2016-04-01
0790516030.html,2016-04-01
0790516040.html,2016-04-01
0790522030.html,2016-04-01
0790574010.html,2016-04-01
0790574020.html,2016-04-01
0790600010.html,2016-04-01
0790600020.html,2016-04-01
0800431010.html,2015-04-01
0800432040.html,2015-04-01
0800435020.html,2015-04-01
0800436020.html,2015-04-01
0800454010.html,2015-04-01
0800559030.html,2015-04-01
0800559040.html,2015-04-01
0800560010.html,2015-04-01
0800560020.html,2015-04-01
0800561010.html,2015-04-01
0800561020.html,2015-04-01
0800562010.html,2015-04-01
0800562020.html,2015-04-01
0800563020.html,2015-04-01
0800563030.html,2015-04-01
0800570010.html,2015-04-01
0800570020.html,2015-04-01
0800571010.html,2015-04-01
0800572010.html,2015-04-01
0800573020.html,2015-04-01
0810432010.html,2014-04-01
0810435010.html,2016-04-01
0810436010.html,2016-04-01
0810437010.html,2016-04-01
0810437020.html,2016-04-01
0810552020.html,2016-04-01
0810553010.html,2016-04-01
0810553040.html,2016-04-01
0810554010.html,2016-04-01
0810554020.html,2016-04-01
0810555010.html,2016-04-01
0810555020.html,2016-04-01
0810556010.html,2016-04-01
0810556020.html,2016-04-01
0810557010.html,2016-04-01
0810557040.html,2016-04-01
0810558010.html,2016-04-01
0810558040.html,2016-04-01
0830522060.html,2016-04-01
0830580020.html,2016-04-01
0830581020.html,2016-04-01
0830582020.html,2016-04-01
0830583020.html,2016-04-01
0830584020.html,2016-04-01
0830595020.html,2016-04-01
0830596020.html,2016-04-01
0830684010.html,2016-04-01
0831062010.html,2016-04-01
0831063010.html,2016-04-01
0831064010.html,2016-04-01
0831065010.html,2016-04-01
0831066010.html,2016-04-01
0831067010.html,2016-04-01
0831068010.html,2016-04-01
0831796010.html,2016-04-01
0831797010.html,2016-04-01
0831798010.html,2016-04-01
0840499010.html,2015-04-01
0840515010.html,2015-04-01
0840516020.html,2015-04-01
0840522080.html,2015-04-01
0841026010.html,2015-04-01
0841026020.html,2015-04-01
0841031010.html,2015-04-01
0841032010.html,2015-04-01
0841033010.html,2015-04-01
0841034010.html,2015-04-01
0841050010.html,2015-04-01
0841050020.html,2015-04-01
0841051010.html,2015-04-01
0841051020.html,2015-04-01
0870493010.html,2015-09-01
0870511020.html,2016-04-01
0870512020.html,2016-04-01
0870518010.html,2016-04-01
0870518020.html,2016-04-01
0870807010.html,2016-04-01
0870807030.html,2016-04-01
0870808010.html,2016-04-01
0870808030.html,2016-04-01
0870809030.html,2016-04-01
0870809040.html,2015-09-01
0870841050.html,2015-09-01
0870861030.html,2015-09-01
0870861040.html,2015-09-01
0870866030.html,2015-09-01
0870866040.html,2015-09-01
0871053010.html,2016-04-01
0871053020.html,2016-04-01
0871054010.html,2016-04-01
0871055010.html,2016-04-01
0871055020.html,2016-04-01
0871056010.html,2016-04-01
0871057010.html,2016-04-01
0871057020.html,2016-04-01
0871058010.html,2016-04-01
0871058020.html,2016-04-01
0880512020.html,2017-04-01
0880530010.html,2017-04-01
0880530020.html,2017-04-01
0880531010.html,2017-04-01
0880531020.html,2017-04-01
0880532010.html,2017-04-01
0880532020.html,2017-04-01
0880539020.html,2017-04-01
0880540020.html,2017-04-01
0880541020.html,2017-04-01
0880542010.html,2017-04-01
0880542020.html,2017-04-01
0880585020.html,2017-04-01
0880585040.html,2017-04-01
0880586010.html,2017-04-01
0880587010.html,2017-04-01
0880588010.html,2017-04-01
0880589010.html,2017-04-01
0880685010.html,2017-04-01
0880685020.html,2017-04-01
0900060010.html,2016-04-01
0900060020.html,2016-04-01
0900113010.html,2016-04-01
0900114010.html,2016-04-01
0900115040.html,2016-04-01
0900144010.html,2016-04-01
0900144030.html,2016-04-01
0900145010.html,2016-04-01
0900145020.html,2016-04-01
0900146010.html,2016-04-01
0900146020.html,2016-04-01
0900147010.html,2016-04-01
0900147020.html,2016-04-01
0900148010.html,2016-04-01
0900148020.html,2016-04-01
0900149010.html,2016-04-01
0900149020.html,2016-04-01
0900150010.html,2016-04-01
0900150020.html,2016-04-01
0900153050.html,2016-04-01
0900153060.html,2016-04-01
0900195010.html,2016-04-01
0900195020.html,2016-04-01
0900196010.html,2016-04-01
0900196020.html,2016-04-01
0900206010.html,2016-04-01
0900206020.html,2016-04-01
0900207010.html,2016-04-01
0900207020.html,2016-04-01
0900208010.html,2016-04-01
0900208020.html,2016-04-01
0900209010.html,2016-04-01
0900209020.html,2016-04-01
0900210010.html,2016-04-01
0900210020.html,2016-04-01
0900211020.html,2016-04-01
0900211040.html,2016-04-01
0900212010.html,2016-04-01
0900212050.html,2016-04-01
0900213060.html,2016-04-01
0900213070.html,2016-04-01
0900221020.html,2016-04-01
0900225010.html,2016-04-01
0900225050.html,2016-04-01
0900226010.html,2016-04-01
0900226050.html,2016-04-01
0900228010.html,2016-04-01
0900228020.html,2016-04-01
0900252010.html,2016-04-01
0900252020.html,2016-04-01
0900268020.html,2016-04-01
0920113010.html,2016-04-01
0920114010.html,2016-04-01
0920115010.html,2016-04-01
0920115020.html,2016-04-01
0920116010.html,2016-04-01
0920116020.html,2016-04-01
0920142030.html,2016-04-01
0920142040.html,2016-04-01
0920143010.html,2016-04-01
0920143020.html,2016-04-01
0920144010.html,2016-04-01
0920144020.html,2016-04-01
0920145010.html,2016-04-01
0920145020.html,2016-04-01
0920146010.html,2016-04-01
0920146020.html,2016-04-01
0920147010.html,2016-04-01
0920147020.html,2016-04-01
0920148010.html,2016-04-01
0920148020.html,2016-04-01
0920149010.html,2016-04-01
0920149020.html,2016-04-01
0920150010.html,2016-04-01
0920150020.html,2016-04-01
0920206010.html,2016-04-01
0920206020.html,2016-04-01
0920207010.html,2016-04-01
0920207020.html,2016-04-01
0920208010.html,2016-04-01
0920208020.html,2016-04-01
0920209010.html,2016-04-01
0920209020.html,2016-04-01
0920210010.html,2016-04-01
0920210020.html,2016-04-01
0920211020.html,2016-04-01
0920211040.html,2016-04-01
0920212010.html,2016-04-01
0920212050.html,2016-04-01
0920213010.html,2016-04-01
0920213060.html,2016-04-01
0920225010.html,2016-04-01
0920225050.html,2016-04-01
0920226010.html,2016-04-01
0920226060.html,2016-04-01
0920228010.html,2016-04-01
0920252020.html,2016-04-01
0950301050.html,2016-04-01
0950302010.html,2016-04-01
0950316010.html,2016-04-01
0950316040.html,2016-04-01
0950317050.html,2016-04-01
0950317060.html,2016-04-01
0950333020.html,2016-04-01
0950333050.html,2016-04-01
0950334020.html,2016-04-01
0950334030.html,2016-04-01
0950348010.html,2016-04-01
0950348020.html,2016-04-01
0950349010.html,2016-04-01
0950349020.html,2016-04-01
0950350010.html,2016-04-01
0950350020.html,2016-04-01
0950355030.html,2016-04-01
0950355050.html,2016-04-01
0950403010.html,2016-04-01
0950403050.html,2016-04-01
0950404020.html,2016-04-01
0950405070.html,2016-04-01
0950429020.html,2016-04-01
0950430020.html,2016-04-01
0950432020.html,2016-04-01
0950433010.html,2016-04-01
0950434010.html,2016-04-01
0950443020.html,2016-04-01
0950454020.html,2016-04-01
0950458020.html,2016-04-01
0960301050.html,2016-04-01
0960331030.html,2016-04-01
0960332050.html,2016-04-01
0960332070.html,2017-04-01
0960336010.html,2017-04-01
0960336020.html,2016-04-01
0960337010.html,2017-04-01
0960337020.html,2016-04-01
0960338010.html,2017-04-01
0960338020.html,2016-04-01
0960339030.html,2017-04-01
0960339040.html,2016-04-01
0960353020.html,2017-04-01
0960355050.html,2017-04-01
0960355060.html,2016-04-01
0960356030.html,2016-04-01
0960362010.html,2016-04-01
0960362020.html,2017-04-01
0960403030.html,2016-04-01
0960404010.html,2016-04-01
0960405050.html,2016-04-01
0960405080.html,2017-04-01
0960406020.html,2017-04-01
0960406030.html,2016-04-01
0960429010.html,2017-04-01
0960430010.html,2017-04-01
0960432010.html,2017-04-01
0960433020.html,2016-04-01
0960434020.html,2016-04-01
0960443010.html,2017-04-01
0960453010.html,2016-04-01
0960454030.html,2017-04-01
0960458010.html,2017-04-01
1000144010.html,2012-04-01
1000144030.html,2017-04-01
1000145010.html,2012-04-01
1000145020.html,2017-04-01
1000146010.html,2012-04-01
1000146020.html,2017-04-01
1000147010.html,2012-04-01
1000147020.html,2017-04-01
1000148010.html,2012-04-01
1000148020.html,2012-04-01
1000149010.html,2012-04-01
1000149020.html,2012-04-01
1000151060.html,2012-04-01
1000153050.html,2017-04-01
1000153060.html,2012-04-01
1000154010.html,2012-04-01
1000154020.html,2012-04-01
1000156020.html,2012-04-01
1000157020.html,2012-04-01
1000186010.html,2012-04-01
1000186020.html,2012-04-01
1000188010.html,2012-04-01
1000189010.html,2012-04-01
1000189020.html,2012-04-01
1000190010.html,2012-04-01
1000190020.html,2012-04-01
1000191010.html,2012-04-01
1000192010.html,2012-04-01
1000192020.html,2012-04-01
1000195010.html,2017-04-01
1000195020.html,2012-04-01
1010189010.html,2016-04-01
1010189040.html,2016-04-01
1010190010.html,2016-04-01
1010190040.html,2016-04-01
1010191040.html,2016-04-01
1010191050.html,2016-04-01
1010214030.html,2016-04-01
1010215030.html,2016-04-01
1010233010.html,2016-04-01
1010264010.html,2016-04-01
1010264020.html,2016-04-01
1010266031.html,2016-04-01
1010266032.html,2016-04-01
1010288011.html,2016-04-01
1010288012.html,2016-04-01
1010288020.html,2016-04-01
1010289010.html,2016-04-01
1010290010.html,2016-04-01
1010290020.html,2016-04-01
1010291010.html,2016-04-01
1010292010.html,2016-04-01
1010293010.html,2016-04-01
1010294010.html,2016-04-01
1010294020.html,2016-04-01
1010295010.html,2016-04-01
1010295020.html,2016-04-01
1010296010.html,2016-04-01
1010296020.html,2016-04-01
1010297010.html,2016-04-01
1010298010.html,2016-04-01
1010299010.html,2016-04-01
1010300020.html,2016-04-01
1020106030.html,2012-04-01
1020109030.html,2012-04-01
1020110030.html,2012-04-01
1020111030.html,2012-04-01
1020112030.html,2012-04-01
1020133030.html,2012-04-01
1020145030.html,2012-04-01
1020145040.html,2012-04-01
1020146030.html,2012-04-01
1020146040.html,2012-04-01
1020147020.html,2014-04-01
1020147030.html,2012-04-01
1020148030.html,2012-04-01
1020148040.html,2012-04-01
1020149030.html,2012-04-01
1020149040.html,2012-04-01
1020151060.html,2012-04-01
1020152010.html,2012-04-01
1020152020.html,2012-04-01
1020153050.html,2012-04-01
1020153060.html,2012-04-01
1020158010.html,2012-04-01
1020158020.html,2012-04-01
1020159010.html,2012-04-01
1020159020.html,2012-04-01
1020160010.html,2012-04-01
1020161010.html,2012-04-01
1020162010.html,2012-04-01
1020163010.html,2012-04-01
1020164010.html,2012-04-01
1020165010.html,2012-04-01
1020174010.html,2012-04-01
1020174020.html,2012-04-01
1020193010.html,2012-04-01
1020194010.html,2012-04-01
1020195010.html,2012-04-01
1020195020.html,2014-04-01
1021077010.html,2012-04-01
1021078010.html,2012-04-01
1021093010.html,2012-04-01
1021093020.html,2012-04-01
1021094010.html,2012-04-01
1021094020.html,2012-04-01
1030145050.html,2014-04-01
1030151060.html,2014-04-01
1030153030.html,2014-04-01
1030153040.html,2014-04-01
1030166010.html,2014-04-01
1030166020.html,2014-04-01
1030167010.html,2014-04-01
1030167020.html,2014-04-01
1030168010.html,2014-04-01
1030168020.html,2014-04-01
1030169010.html,2014-04-01
1030169020.html,2014-04-01
1030170010.html,2014-04-01
1030170020.html,2014-04-01
1030171010.html,2014-04-01
1030171020.html,2014-04-01
1030172020.html,2014-04-01
1060101020.html,2016-04-01
1060101050.html,2016-04-01
1060102020.html,2016-04-01
1060124010.html,2016-04-01
1060124020.html,2016-04-01
1060128010.html,2016-04-01
1060129010.html,2016-04-01
1060129020.html,2016-04-01
1060130010.html,2016-04-01
1060130020.html,2016-04-01
1060131010.html,2016-04-01
1060134010.html,2016-04-01
1060134020.html,2016-04-01
1060140020.html,2016-04-01
1060142010.html,2016-04-01
1060142020.html,2016-04-01
1060151020.html,2016-04-01
1100301040.html,2017-04-01
1100302050.html,2017-04-01
1100303030.html,2017-04-01
1100303040.html,2017-04-01
1100304010.html,2017-04-01
1100304020.html,2017-04-01
1100305010.html,2017-04-01
1100305020.html,2017-04-01
1100308010.html,2017-04-01
1100308070.html,2017-04-01
1100323020.html,2017-04-01
1100323030.html,2017-04-01
1100324020.html,2017-04-01
1100324030.html,2017-04-01
1100325010.html,2017-04-01
1100325020.html,2017-04-01
1100326020.html,2017-04-01
1100326040.html,2017-04-01
1100327010.html,2017-04-01
1100327020.html,2017-04-01
1100412010.html,2017-04-01
1100412020.html,2017-04-01
1100426010.html,2017-04-01
1100426020.html,2017-04-01
1100427010.html,2017-04-01
1100427020.html,2017-04-01
1100428010.html,2017-04-01
1100428020.html,2017-04-01
1100438010.html,2017-04-01
1100438020.html,2017-04-01
1100439010.html,2017-04-01
1100439020.html,2017-04-01
1100440010.html,2017-04-01
1100440020.html,2017-04-01
1100441010.html,2017-04-01
1100441020.html,2017-04-01
1100442010.html,2017-04-01
1100442020.html,2017-04-01
1100455020.html,2017-04-01
1100500010.html,2017-04-01
1100501070.html,2017-04-01
1100502030.html,2017-04-01
1100502040.html,2017-04-01
1100559010.html,2017-04-01
1100559040.html,2017-04-01
1100560010.html,2017-04-01
1100560020.html,2017-04-01
1100561020.html,2017-04-01
1110812010.html,2017-04-01
1110814010.html,2017-04-01
1110814020.html,2017-04-01
1110815010.html,2017-04-01
1110815020.html,2017-04-01
1110816010.html,2017-04-01
1110816020.html,2017-04-01
1110817010.html,2017-04-01
1110817020.html,2017-04-01
1110818010.html,2017-04-01
1110818020.html,2017-04-01
1110819010.html,2017-04-01
1110819020.html,2017-04-01
1110820010.html,2017-04-01
1110820020.html,2017-04-01
1110821010.html,2017-04-01
1110821020.html,2017-04-01
1110822010.html,2017-04-01
1110822020.html,2017-04-01
1110823010.html,2017-04-01
1110823020.html,2017-04-01
1110824010.html,2017-04-01
1110824020.html,2017-04-01
1110825010.html,2017-04-01
1120301040.html,2017-04-01
1120302050.html,2017-04-01
1120303030.html,2017-04-01
1120303040.html,2017-04-01
1120304010.html,2017-04-01
1120304020.html,2017-04-01
1120305010.html,2017-04-01
1120305020.html,2017-04-01
1120308010.html,2017-04-01
1120308070.html,2017-04-01
1120323020.html,2017-04-01
1120323030.html,2017-04-01
1120324020.html,2017-04-01
1120324030.html,2017-04-01
1120325010.html,2017-04-01
1120325020.html,2017-04-01
1120326020.html,2017-04-01
1120326040.html,2017-04-01
1120327010.html,2017-04-01
1120327020.html,2017-04-01
1120412010.html,2017-04-01
1120412020.html,2017-04-01
1120426010.html,2017-04-01
1120426020.html,2017-04-01
1120427010.html,2017-04-01
1120427020.html,2017-04-01
1120428010.html,2017-04-01
1120428020.html,2017-04-01
1120438010.html,2017-04-01
1120438020.html,2017-04-01
1120439010.html,2017-04-01
1120439020.html,2017-04-01
1120440010.html,2017-04-01
1120440020.html,2017-04-01
1120441010.html,2017-04-01
1120441020.html,2017-04-01
1120442010.html,2017-04-01
1120442020.html,2017-04-01
1120455020.html,2017-04-01
1120502040.html,2017-04-01
1120561010.html,2017-04-01
1120562010.html,2017-04-01
1120563020.html,2017-04-01
1120563030.html,2017-04-01
1120686010.html,2017-04-01
1120686020.html,2017-04-01
1121090020.html,2017-04-01
1121091010.html,2017-04-01
1121091020.html,2017-04-01
1121092010.html,2017-04-01
1200522030.html,2016-04-01
1200574010.html,2016-04-01
1200574020.html,2016-04-01
1200807010.html,2016-04-01
1200807020.html,2016-04-01
1200808010.html,2016-04-01
1200808020.html,2016-04-01
1200809010.html,2016-04-01
1200809030.html,2016-04-01
1200810010.html,2016-04-01
1200810020.html,2016-04-01
1200811010.html,2016-04-01
1200811020.html,2016-04-01
1200838010.html,2016-04-01
1200838020.html,2016-04-01
1200839020.html,2016-04-01
1200840040.html,2016-04-01
1200841020.html,2016-04-01
1200869010.html,2016-04-01
1210617020.html,2017-04-01
1210618010.html,2017-04-01
1210618020.html,2017-04-01
1210620040.html,2017-04-01
1210636010.html,2017-04-01
1210636030.html,2017-04-01
1210637010.html,2017-04-01
1210637020.html,2017-04-01
1210656010.html,2017-04-01
1210656020.html,2017-04-01
1210657010.html,2017-04-01
1210657020.html,2017-04-01
1210661010.html,2017-04-01
1210661020.html,2017-04-01
1210666010.html,2017-04-01
1210670010.html,2017-04-01
1210670020.html,2017-04-01
1210677010.html,2017-04-01
1210681010.html,2017-04-01
1210681020.html,2017-04-01
1210795030.html,2017-04-01
1250499010.html,2017-04-01
1250511010.html,2016-04-01
1250511020.html,2017-04-01
1250512010.html,2017-04-01
1250513010.html,2016-04-01
1250513020.html,2017-04-01
1250514010.html,2016-04-01
1250514020.html,2017-04-01
1250515010.html,2017-04-01
1250516020.html,2017-04-01
1251032010.html,2017-04-01
1251033010.html,2017-04-01
1251034010.html,2017-04-01
1251050010.html,2017-04-01
1251050020.html,2017-04-01
1251051010.html,2017-04-01
1251051020.html,2017-04-01
1610661010.html,2017-04-01
1610661040.html,2017-04-01
1610681010.html,2017-04-01
1610681030.html,2017-04-01
1610687010.html,2017-04-01
1610687020.html,2017-04-01
1610688010.html,2017-04-01
1610688020.html,2017-04-01
1610689010.html,2017-04-01
1610689020.html,2017-04-01
1610690010.html,2017-04-01
1610690020.html,2017-04-01
1610691011.html,2017-04-01
1610691012.html,2017-04-01
1610692011.html,2017-04-01
1610692012.html,2017-04-01
1610795020.html,2017-04-01
1710636010.html,2017-04-01
1710636030.html,2017-04-01
1710637010.html,2017-04-01
1710637020.html,2017-04-01
1710656010.html,2017-04-01
1710656020.html,2017-04-01
1710661010.html,2017-04-01
1710661040.html,2017-04-01
1710667030.html,2017-04-01
1710667040.html,2017-04-01
1710668010.html,2017-04-01
1710668020.html,2017-04-01
1710669010.html,2017-04-01
1710669020.html,2017-04-01
1710670020.html,2017-04-01
1710670030.html,2017-04-01
1710671010.html,2017-04-01
1710672010.html,2017-04-01
1710672020.html,2017-04-01
1710673010.html,2017-04-01
1710673020.html,2017-04-01
1710674020.html,2017-04-01
1710675010.html,2017-04-01
1710675020.html,2017-04-01
1710676010.html,2017-04-01
1710676020.html,2017-04-01
1710678010.html,2017-04-01
1710678020.html,2017-04-01
1710680010.html,2017-04-01
1710681010.html,2017-04-01
1710681020.html,2017-04-01
1710795070.html,2017-04-01
1910601040.html,2017-07-10
1910602020.html,2017-07-10
1910602030.html,2017-07-10
1910603020.html,2017-07-10
1910603030.html,2017-07-10
1910612020.html,2017-07-10
1910612030.html,2017-07-10
1910613020.html,2017-07-10
1910613030.html,2017-07-10
1910614010.html,2017-07-10
1910614020.html,2017-07-10
1910615020.html,2017-07-10
1910615030.html,2017-07-10
1910616020.html,2017-07-10
1910616030.html,2017-07-10
1910617020.html,2017-07-10
1910618010.html,2017-07-10
1910618020.html,2017-07-10
1910620020.html,2017-07-10
1910657010.html,2017-07-10
1910657020.html,2017-07-10
1910666010.html,2017-07-10
1910670010.html,2017-07-10
1910677010.html,2017-07-10
